user_id,action_type,action_id,server_response,timestamp
1,registration,,success,2023-01-01 00:00:00
2,registration,,success,2023-01-01 00:00:00
3,registration,,success,2023-01-01 00:00:00
4,registration,,success,2023-01-01 00:00:00
5,registration,,success,2023-01-01 00:00:00
3,first_visit,,success,2023-01-01 00:00:00
4,first_visit,,success,2023-01-01 00:00:00
5,first_visit,,success,2023-01-01 00:00:00
2,first_visit,,success,2023-01-01 00:00:00
4,first_visit,,success,2023-01-01 00:00:00
,registration,,success,2023-01-01 00:00:00
,registration,,success,2023-01-01 00:00:00
,registration,,success,2023-01-01 00:00:00
,registration,,success,2023-01-01 00:00:00
,registration,,success,2023-01-01 00:00:00
1,login,,success,2023-01-01 00:00:00
5,login,,success,2023-01-01 00:00:00
2,login,,success,2023-01-01 00:00:00
5,login,,success,2023-01-01 00:00:00
1,login,,success,2023-01-01 00:00:00
3,logout,,success,2023-01-01 00:00:00
1,logout,,success,2023-01-01 00:00:00
1,logout,,success,2023-01-01 00:00:00
5,logout,,success,2023-01-01 00:00:00
3,logout,,success,2023-01-01 00:00:00
,create_topic,6002,error,2023-01-01 00:00:00
,create_topic,1012,error,2023-01-01 00:00:00
,create_topic,1441,error,2023-01-01 00:00:00
3,create_topic,7804,success,2023-01-01 00:00:00
2,create_topic,6405,success,2023-01-01 00:00:00
,create_topic,1541,error,2023-01-01 00:00:00
,create_topic,2476,error,2023-01-01 00:00:00
1,view_topic,,success,2023-01-01 00:00:00
5,view_topic,,success,2023-01-01 00:00:00
2,view_topic,,success,2023-01-01 00:00:00
5,view_topic,,success,2023-01-01 00:00:00
3,view_topic,,success,2023-01-01 00:00:00
4,delete_topic,,success,2023-01-01 00:00:00
1,delete_topic,,success,2023-01-01 00:00:00
5,delete_topic,,success,2023-01-01 00:00:00
3,delete_topic,,success,2023-01-01 00:00:00
3,delete_topic,,success,2023-01-01 00:00:00
2,create_message,6001,success,2023-01-01 00:00:00
1,create_message,1130,success,2023-01-01 00:00:00
1,create_message,1531,success,2023-01-01 00:00:00
3,create_message,2543,success,2023-01-01 00:00:00
5,create_message,7544,success,2023-01-01 00:00:00
6,registration,,success,2023-01-02 00:00:00
7,registration,,success,2023-01-02 00:00:00
8,registration,,success,2023-01-02 00:00:00
9,registration,,success,2023-01-02 00:00:00
10,registration,,success,2023-01-02 00:00:00
7,first_visit,,success,2023-01-02 00:00:00
2,first_visit,,success,2023-01-02 00:00:00
6,first_visit,,success,2023-01-02 00:00:00
2,first_visit,,success,2023-01-02 00:00:00
7,first_visit,,success,2023-01-02 00:00:00
,registration,,success,2023-01-02 00:00:00
,registration,,success,2023-01-02 00:00:00
,registration,,success,2023-01-02 00:00:00
,registration,,success,2023-01-02 00:00:00
,registration,,success,2023-01-02 00:00:00
5,login,,success,2023-01-02 00:00:00
6,login,,success,2023-01-02 00:00:00
3,login,,success,2023-01-02 00:00:00
10,login,,success,2023-01-02 00:00:00
9,login,,success,2023-01-02 00:00:00
7,logout,,success,2023-01-02 00:00:00
6,logout,,success,2023-01-02 00:00:00
8,logout,,success,2023-01-02 00:00:00
2,logout,,success,2023-01-02 00:00:00
3,logout,,success,2023-01-02 00:00:00
3,create_topic,6430,success,2023-01-02 00:00:00
,create_topic,1754,error,2023-01-02 00:00:00
10,create_topic,8153,success,2023-01-02 00:00:00
7,create_topic,1075,success,2023-01-02 00:00:00
,create_topic,3080,error,2023-01-02 00:00:00
,create_topic,7711,error,2023-01-02 00:00:00
,create_topic,3881,error,2023-01-02 00:00:00
9,view_topic,,success,2023-01-02 00:00:00
4,view_topic,,success,2023-01-02 00:00:00
6,view_topic,,success,2023-01-02 00:00:00
2,view_topic,,success,2023-01-02 00:00:00
4,view_topic,,success,2023-01-02 00:00:00
9,delete_topic,,success,2023-01-02 00:00:00
2,delete_topic,,success,2023-01-02 00:00:00
8,delete_topic,,success,2023-01-02 00:00:00
8,delete_topic,,success,2023-01-02 00:00:00
7,delete_topic,,success,2023-01-02 00:00:00
6,create_message,4234,success,2023-01-02 00:00:00
6,create_message,2522,success,2023-01-02 00:00:00
6,create_message,9340,success,2023-01-02 00:00:00
9,create_message,5927,success,2023-01-02 00:00:00
7,create_message,7933,success,2023-01-02 00:00:00
11,registration,,success,2023-01-03 00:00:00
12,registration,,success,2023-01-03 00:00:00
13,registration,,success,2023-01-03 00:00:00
14,registration,,success,2023-01-03 00:00:00
15,registration,,success,2023-01-03 00:00:00
7,first_visit,,success,2023-01-03 00:00:00
1,first_visit,,success,2023-01-03 00:00:00
11,first_visit,,success,2023-01-03 00:00:00
9,first_visit,,success,2023-01-03 00:00:00
7,first_visit,,success,2023-01-03 00:00:00
,registration,,success,2023-01-03 00:00:00
,registration,,success,2023-01-03 00:00:00
,registration,,success,2023-01-03 00:00:00
,registration,,success,2023-01-03 00:00:00
,registration,,success,2023-01-03 00:00:00
14,login,,success,2023-01-03 00:00:00
1,login,,success,2023-01-03 00:00:00
6,login,,success,2023-01-03 00:00:00
8,login,,success,2023-01-03 00:00:00
4,login,,success,2023-01-03 00:00:00
5,logout,,success,2023-01-03 00:00:00
12,logout,,success,2023-01-03 00:00:00
11,logout,,success,2023-01-03 00:00:00
9,logout,,success,2023-01-03 00:00:00
11,logout,,success,2023-01-03 00:00:00
1,create_topic,1434,success,2023-01-03 00:00:00
,create_topic,4950,error,2023-01-03 00:00:00
,create_topic,3853,error,2023-01-03 00:00:00
,create_topic,1847,error,2023-01-03 00:00:00
,create_topic,2697,error,2023-01-03 00:00:00
,create_topic,1669,error,2023-01-03 00:00:00
10,create_topic,7730,success,2023-01-03 00:00:00
3,view_topic,,success,2023-01-03 00:00:00
15,view_topic,,success,2023-01-03 00:00:00
10,view_topic,,success,2023-01-03 00:00:00
3,view_topic,,success,2023-01-03 00:00:00
5,view_topic,,success,2023-01-03 00:00:00
2,delete_topic,,success,2023-01-03 00:00:00
9,delete_topic,,success,2023-01-03 00:00:00
4,delete_topic,,success,2023-01-03 00:00:00
9,delete_topic,,success,2023-01-03 00:00:00
8,delete_topic,,success,2023-01-03 00:00:00
15,create_message,8073,success,2023-01-03 00:00:00
13,create_message,6847,success,2023-01-03 00:00:00
8,create_message,9933,success,2023-01-03 00:00:00
15,create_message,7700,success,2023-01-03 00:00:00
14,create_message,8988,success,2023-01-03 00:00:00
16,registration,,success,2023-01-04 00:00:00
17,registration,,success,2023-01-04 00:00:00
18,registration,,success,2023-01-04 00:00:00
19,registration,,success,2023-01-04 00:00:00
20,registration,,success,2023-01-04 00:00:00
18,first_visit,,success,2023-01-04 00:00:00
11,first_visit,,success,2023-01-04 00:00:00
15,first_visit,,success,2023-01-04 00:00:00
13,first_visit,,success,2023-01-04 00:00:00
13,first_visit,,success,2023-01-04 00:00:00
,registration,,success,2023-01-04 00:00:00
,registration,,success,2023-01-04 00:00:00
,registration,,success,2023-01-04 00:00:00
,registration,,success,2023-01-04 00:00:00
,registration,,success,2023-01-04 00:00:00
16,login,,success,2023-01-04 00:00:00
2,login,,success,2023-01-04 00:00:00
18,login,,success,2023-01-04 00:00:00
12,login,,success,2023-01-04 00:00:00
14,login,,success,2023-01-04 00:00:00
5,logout,,success,2023-01-04 00:00:00
5,logout,,success,2023-01-04 00:00:00
2,logout,,success,2023-01-04 00:00:00
9,logout,,success,2023-01-04 00:00:00
20,logout,,success,2023-01-04 00:00:00
,create_topic,8323,error,2023-01-04 00:00:00
,create_topic,8594,error,2023-01-04 00:00:00
10,create_topic,4786,success,2023-01-04 00:00:00
6,create_topic,8818,success,2023-01-04 00:00:00
2,create_topic,4584,success,2023-01-04 00:00:00
17,create_topic,4541,success,2023-01-04 00:00:00
15,create_topic,2625,success,2023-01-04 00:00:00
5,view_topic,,success,2023-01-04 00:00:00
17,view_topic,,success,2023-01-04 00:00:00
2,view_topic,,success,2023-01-04 00:00:00
6,view_topic,,success,2023-01-04 00:00:00
10,view_topic,,success,2023-01-04 00:00:00
2,delete_topic,,success,2023-01-04 00:00:00
7,delete_topic,,success,2023-01-04 00:00:00
5,delete_topic,,success,2023-01-04 00:00:00
8,delete_topic,,success,2023-01-04 00:00:00
7,delete_topic,,success,2023-01-04 00:00:00
20,create_message,6217,success,2023-01-04 00:00:00
15,create_message,9503,success,2023-01-04 00:00:00
14,create_message,1281,success,2023-01-04 00:00:00
8,create_message,9618,success,2023-01-04 00:00:00
7,create_message,6450,success,2023-01-04 00:00:00
21,registration,,success,2023-01-05 00:00:00
22,registration,,success,2023-01-05 00:00:00
23,registration,,success,2023-01-05 00:00:00
24,registration,,success,2023-01-05 00:00:00
25,registration,,success,2023-01-05 00:00:00
25,first_visit,,success,2023-01-05 00:00:00
15,first_visit,,success,2023-01-05 00:00:00
13,first_visit,,success,2023-01-05 00:00:00
12,first_visit,,success,2023-01-05 00:00:00
10,first_visit,,success,2023-01-05 00:00:00
,registration,,success,2023-01-05 00:00:00
,registration,,success,2023-01-05 00:00:00
,registration,,success,2023-01-05 00:00:00
,registration,,success,2023-01-05 00:00:00
,registration,,success,2023-01-05 00:00:00
23,login,,success,2023-01-05 00:00:00
20,login,,success,2023-01-05 00:00:00
4,login,,success,2023-01-05 00:00:00
17,login,,success,2023-01-05 00:00:00
24,login,,success,2023-01-05 00:00:00
22,logout,,success,2023-01-05 00:00:00
14,logout,,success,2023-01-05 00:00:00
2,logout,,success,2023-01-05 00:00:00
22,logout,,success,2023-01-05 00:00:00
8,logout,,success,2023-01-05 00:00:00
19,create_topic,7684,success,2023-01-05 00:00:00
15,create_topic,9871,success,2023-01-05 00:00:00
6,create_topic,5401,success,2023-01-05 00:00:00
3,create_topic,1045,success,2023-01-05 00:00:00
6,create_topic,5028,success,2023-01-05 00:00:00
3,create_topic,9497,success,2023-01-05 00:00:00
,create_topic,7407,error,2023-01-05 00:00:00
1,view_topic,,success,2023-01-05 00:00:00
13,view_topic,,success,2023-01-05 00:00:00
1,view_topic,,success,2023-01-05 00:00:00
16,view_topic,,success,2023-01-05 00:00:00
21,view_topic,,success,2023-01-05 00:00:00
4,delete_topic,,success,2023-01-05 00:00:00
24,delete_topic,,success,2023-01-05 00:00:00
5,delete_topic,,success,2023-01-05 00:00:00
1,delete_topic,,success,2023-01-05 00:00:00
10,delete_topic,,success,2023-01-05 00:00:00
2,create_message,3188,success,2023-01-05 00:00:00
19,create_message,5481,success,2023-01-05 00:00:00
22,create_message,5190,success,2023-01-05 00:00:00
1,create_message,3793,success,2023-01-05 00:00:00
16,create_message,2391,success,2023-01-05 00:00:00
26,registration,,success,2023-01-06 00:00:00
27,registration,,success,2023-01-06 00:00:00
28,registration,,success,2023-01-06 00:00:00
29,registration,,success,2023-01-06 00:00:00
30,registration,,success,2023-01-06 00:00:00
28,first_visit,,success,2023-01-06 00:00:00
24,first_visit,,success,2023-01-06 00:00:00
29,first_visit,,success,2023-01-06 00:00:00
29,first_visit,,success,2023-01-06 00:00:00
23,first_visit,,success,2023-01-06 00:00:00
,registration,,success,2023-01-06 00:00:00
,registration,,success,2023-01-06 00:00:00
,registration,,success,2023-01-06 00:00:00
,registration,,success,2023-01-06 00:00:00
,registration,,success,2023-01-06 00:00:00
22,login,,success,2023-01-06 00:00:00
10,login,,success,2023-01-06 00:00:00
27,login,,success,2023-01-06 00:00:00
21,login,,success,2023-01-06 00:00:00
6,login,,success,2023-01-06 00:00:00
10,logout,,success,2023-01-06 00:00:00
6,logout,,success,2023-01-06 00:00:00
8,logout,,success,2023-01-06 00:00:00
8,logout,,success,2023-01-06 00:00:00
30,logout,,success,2023-01-06 00:00:00
,create_topic,2162,error,2023-01-06 00:00:00
23,create_topic,6291,success,2023-01-06 00:00:00
,create_topic,3150,error,2023-01-06 00:00:00
,create_topic,2835,error,2023-01-06 00:00:00
9,create_topic,7028,success,2023-01-06 00:00:00
17,create_topic,7298,success,2023-01-06 00:00:00
15,create_topic,7391,success,2023-01-06 00:00:00
11,view_topic,,success,2023-01-06 00:00:00
3,view_topic,,success,2023-01-06 00:00:00
27,view_topic,,success,2023-01-06 00:00:00
11,view_topic,,success,2023-01-06 00:00:00
17,view_topic,,success,2023-01-06 00:00:00
6,delete_topic,,success,2023-01-06 00:00:00
21,delete_topic,,success,2023-01-06 00:00:00
8,delete_topic,,success,2023-01-06 00:00:00
26,delete_topic,,success,2023-01-06 00:00:00
15,delete_topic,,success,2023-01-06 00:00:00
4,create_message,3924,success,2023-01-06 00:00:00
20,create_message,4617,success,2023-01-06 00:00:00
28,create_message,6734,success,2023-01-06 00:00:00
10,create_message,7991,success,2023-01-06 00:00:00
27,create_message,1102,success,2023-01-06 00:00:00
31,registration,,success,2023-01-07 00:00:00
32,registration,,success,2023-01-07 00:00:00
33,registration,,success,2023-01-07 00:00:00
34,registration,,success,2023-01-07 00:00:00
35,registration,,success,2023-01-07 00:00:00
27,first_visit,,success,2023-01-07 00:00:00
29,first_visit,,success,2023-01-07 00:00:00
9,first_visit,,success,2023-01-07 00:00:00
6,first_visit,,success,2023-01-07 00:00:00
3,first_visit,,success,2023-01-07 00:00:00
,registration,,success,2023-01-07 00:00:00
,registration,,success,2023-01-07 00:00:00
,registration,,success,2023-01-07 00:00:00
,registration,,success,2023-01-07 00:00:00
,registration,,success,2023-01-07 00:00:00
25,login,,success,2023-01-07 00:00:00
28,login,,success,2023-01-07 00:00:00
8,login,,success,2023-01-07 00:00:00
8,login,,success,2023-01-07 00:00:00
35,login,,success,2023-01-07 00:00:00
7,logout,,success,2023-01-07 00:00:00
32,logout,,success,2023-01-07 00:00:00
10,logout,,success,2023-01-07 00:00:00
19,logout,,success,2023-01-07 00:00:00
23,logout,,success,2023-01-07 00:00:00
32,create_topic,6430,success,2023-01-07 00:00:00
,create_topic,7176,error,2023-01-07 00:00:00
4,create_topic,6433,success,2023-01-07 00:00:00
16,create_topic,6199,success,2023-01-07 00:00:00
24,create_topic,4240,success,2023-01-07 00:00:00
,create_topic,8644,error,2023-01-07 00:00:00
20,create_topic,4759,success,2023-01-07 00:00:00
18,view_topic,,success,2023-01-07 00:00:00
14,view_topic,,success,2023-01-07 00:00:00
21,view_topic,,success,2023-01-07 00:00:00
27,view_topic,,success,2023-01-07 00:00:00
2,view_topic,,success,2023-01-07 00:00:00
20,delete_topic,,success,2023-01-07 00:00:00
23,delete_topic,,success,2023-01-07 00:00:00
13,delete_topic,,success,2023-01-07 00:00:00
7,delete_topic,,success,2023-01-07 00:00:00
10,delete_topic,,success,2023-01-07 00:00:00
21,create_message,3364,success,2023-01-07 00:00:00
20,create_message,8863,success,2023-01-07 00:00:00
26,create_message,6360,success,2023-01-07 00:00:00
33,create_message,8029,success,2023-01-07 00:00:00
4,create_message,2621,success,2023-01-07 00:00:00
36,registration,,success,2023-01-08 00:00:00
37,registration,,success,2023-01-08 00:00:00
38,registration,,success,2023-01-08 00:00:00
39,registration,,success,2023-01-08 00:00:00
40,registration,,success,2023-01-08 00:00:00
8,first_visit,,success,2023-01-08 00:00:00
37,first_visit,,success,2023-01-08 00:00:00
27,first_visit,,success,2023-01-08 00:00:00
2,first_visit,,success,2023-01-08 00:00:00
10,first_visit,,success,2023-01-08 00:00:00
,registration,,success,2023-01-08 00:00:00
,registration,,success,2023-01-08 00:00:00
,registration,,success,2023-01-08 00:00:00
,registration,,success,2023-01-08 00:00:00
,registration,,success,2023-01-08 00:00:00
7,login,,success,2023-01-08 00:00:00
36,login,,success,2023-01-08 00:00:00
13,login,,success,2023-01-08 00:00:00
4,login,,success,2023-01-08 00:00:00
15,login,,success,2023-01-08 00:00:00
35,logout,,success,2023-01-08 00:00:00
32,logout,,success,2023-01-08 00:00:00
21,logout,,success,2023-01-08 00:00:00
8,logout,,success,2023-01-08 00:00:00
2,logout,,success,2023-01-08 00:00:00
18,create_topic,6771,success,2023-01-08 00:00:00
19,create_topic,3342,success,2023-01-08 00:00:00
28,create_topic,1371,success,2023-01-08 00:00:00
,create_topic,8871,error,2023-01-08 00:00:00
,create_topic,6368,error,2023-01-08 00:00:00
3,create_topic,9646,success,2023-01-08 00:00:00
28,create_topic,7129,success,2023-01-08 00:00:00
11,view_topic,,success,2023-01-08 00:00:00
6,view_topic,,success,2023-01-08 00:00:00
34,view_topic,,success,2023-01-08 00:00:00
8,view_topic,,success,2023-01-08 00:00:00
4,view_topic,,success,2023-01-08 00:00:00
1,delete_topic,,success,2023-01-08 00:00:00
33,delete_topic,,success,2023-01-08 00:00:00
20,delete_topic,,success,2023-01-08 00:00:00
10,delete_topic,,success,2023-01-08 00:00:00
33,delete_topic,,success,2023-01-08 00:00:00
5,create_message,3480,success,2023-01-08 00:00:00
39,create_message,4221,success,2023-01-08 00:00:00
22,create_message,4061,success,2023-01-08 00:00:00
39,create_message,5972,success,2023-01-08 00:00:00
3,create_message,1033,success,2023-01-08 00:00:00
41,registration,,success,2023-01-09 00:00:00
42,registration,,success,2023-01-09 00:00:00
43,registration,,success,2023-01-09 00:00:00
44,registration,,success,2023-01-09 00:00:00
45,registration,,success,2023-01-09 00:00:00
20,first_visit,,success,2023-01-09 00:00:00
19,first_visit,,success,2023-01-09 00:00:00
17,first_visit,,success,2023-01-09 00:00:00
25,first_visit,,success,2023-01-09 00:00:00
37,first_visit,,success,2023-01-09 00:00:00
,registration,,success,2023-01-09 00:00:00
,registration,,success,2023-01-09 00:00:00
,registration,,success,2023-01-09 00:00:00
,registration,,success,2023-01-09 00:00:00
,registration,,success,2023-01-09 00:00:00
25,login,,success,2023-01-09 00:00:00
28,login,,success,2023-01-09 00:00:00
16,login,,success,2023-01-09 00:00:00
41,login,,success,2023-01-09 00:00:00
23,login,,success,2023-01-09 00:00:00
29,logout,,success,2023-01-09 00:00:00
13,logout,,success,2023-01-09 00:00:00
33,logout,,success,2023-01-09 00:00:00
25,logout,,success,2023-01-09 00:00:00
20,logout,,success,2023-01-09 00:00:00
31,create_topic,1631,success,2023-01-09 00:00:00
14,create_topic,9606,success,2023-01-09 00:00:00
,create_topic,6336,error,2023-01-09 00:00:00
24,create_topic,8082,success,2023-01-09 00:00:00
,create_topic,9524,error,2023-01-09 00:00:00
,create_topic,7973,error,2023-01-09 00:00:00
2,create_topic,9408,success,2023-01-09 00:00:00
41,view_topic,,success,2023-01-09 00:00:00
20,view_topic,,success,2023-01-09 00:00:00
12,view_topic,,success,2023-01-09 00:00:00
8,view_topic,,success,2023-01-09 00:00:00
42,view_topic,,success,2023-01-09 00:00:00
15,delete_topic,,success,2023-01-09 00:00:00
38,delete_topic,,success,2023-01-09 00:00:00
35,delete_topic,,success,2023-01-09 00:00:00
11,delete_topic,,success,2023-01-09 00:00:00
20,delete_topic,,success,2023-01-09 00:00:00
6,create_message,2895,success,2023-01-09 00:00:00
13,create_message,7360,success,2023-01-09 00:00:00
8,create_message,9538,success,2023-01-09 00:00:00
35,create_message,4828,success,2023-01-09 00:00:00
21,create_message,7818,success,2023-01-09 00:00:00
46,registration,,success,2023-01-10 00:00:00
47,registration,,success,2023-01-10 00:00:00
48,registration,,success,2023-01-10 00:00:00
49,registration,,success,2023-01-10 00:00:00
50,registration,,success,2023-01-10 00:00:00
21,first_visit,,success,2023-01-10 00:00:00
25,first_visit,,success,2023-01-10 00:00:00
9,first_visit,,success,2023-01-10 00:00:00
32,first_visit,,success,2023-01-10 00:00:00
5,first_visit,,success,2023-01-10 00:00:00
,registration,,success,2023-01-10 00:00:00
,registration,,success,2023-01-10 00:00:00
,registration,,success,2023-01-10 00:00:00
,registration,,success,2023-01-10 00:00:00
,registration,,success,2023-01-10 00:00:00
42,login,,success,2023-01-10 00:00:00
50,login,,success,2023-01-10 00:00:00
15,login,,success,2023-01-10 00:00:00
21,login,,success,2023-01-10 00:00:00
22,login,,success,2023-01-10 00:00:00
4,logout,,success,2023-01-10 00:00:00
5,logout,,success,2023-01-10 00:00:00
38,logout,,success,2023-01-10 00:00:00
48,logout,,success,2023-01-10 00:00:00
49,logout,,success,2023-01-10 00:00:00
44,create_topic,5144,success,2023-01-10 00:00:00
48,create_topic,9437,success,2023-01-10 00:00:00
22,create_topic,6117,success,2023-01-10 00:00:00
28,create_topic,2240,success,2023-01-10 00:00:00
24,create_topic,5327,success,2023-01-10 00:00:00
,create_topic,6337,error,2023-01-10 00:00:00
9,create_topic,5026,success,2023-01-10 00:00:00
10,view_topic,,success,2023-01-10 00:00:00
34,view_topic,,success,2023-01-10 00:00:00
16,view_topic,,success,2023-01-10 00:00:00
47,view_topic,,success,2023-01-10 00:00:00
36,view_topic,,success,2023-01-10 00:00:00
41,delete_topic,,success,2023-01-10 00:00:00
31,delete_topic,,success,2023-01-10 00:00:00
50,delete_topic,,success,2023-01-10 00:00:00
19,delete_topic,,success,2023-01-10 00:00:00
21,delete_topic,,success,2023-01-10 00:00:00
33,create_message,4886,success,2023-01-10 00:00:00
23,create_message,3232,success,2023-01-10 00:00:00
5,create_message,9486,success,2023-01-10 00:00:00
13,create_message,2824,success,2023-01-10 00:00:00
31,create_message,7584,success,2023-01-10 00:00:00
51,registration,,success,2023-01-11 00:00:00
52,registration,,success,2023-01-11 00:00:00
53,registration,,success,2023-01-11 00:00:00
54,registration,,success,2023-01-11 00:00:00
55,registration,,success,2023-01-11 00:00:00
45,first_visit,,success,2023-01-11 00:00:00
5,first_visit,,success,2023-01-11 00:00:00
11,first_visit,,success,2023-01-11 00:00:00
44,first_visit,,success,2023-01-11 00:00:00
37,first_visit,,success,2023-01-11 00:00:00
,registration,,success,2023-01-11 00:00:00
,registration,,success,2023-01-11 00:00:00
,registration,,success,2023-01-11 00:00:00
,registration,,success,2023-01-11 00:00:00
,registration,,success,2023-01-11 00:00:00
51,login,,success,2023-01-11 00:00:00
26,login,,success,2023-01-11 00:00:00
45,login,,success,2023-01-11 00:00:00
55,login,,success,2023-01-11 00:00:00
42,login,,success,2023-01-11 00:00:00
4,logout,,success,2023-01-11 00:00:00
4,logout,,success,2023-01-11 00:00:00
18,logout,,success,2023-01-11 00:00:00
34,logout,,success,2023-01-11 00:00:00
55,logout,,success,2023-01-11 00:00:00
22,create_topic,7575,success,2023-01-11 00:00:00
,create_topic,9678,error,2023-01-11 00:00:00
45,create_topic,7607,success,2023-01-11 00:00:00
18,create_topic,8175,success,2023-01-11 00:00:00
,create_topic,2710,error,2023-01-11 00:00:00
52,create_topic,5284,success,2023-01-11 00:00:00
,create_topic,8642,error,2023-01-11 00:00:00
54,view_topic,,success,2023-01-11 00:00:00
41,view_topic,,success,2023-01-11 00:00:00
6,view_topic,,success,2023-01-11 00:00:00
49,view_topic,,success,2023-01-11 00:00:00
32,view_topic,,success,2023-01-11 00:00:00
47,delete_topic,,success,2023-01-11 00:00:00
23,delete_topic,,success,2023-01-11 00:00:00
13,delete_topic,,success,2023-01-11 00:00:00
47,delete_topic,,success,2023-01-11 00:00:00
35,delete_topic,,success,2023-01-11 00:00:00
24,create_message,8355,success,2023-01-11 00:00:00
47,create_message,9926,success,2023-01-11 00:00:00
8,create_message,5355,success,2023-01-11 00:00:00
45,create_message,6985,success,2023-01-11 00:00:00
46,create_message,3883,success,2023-01-11 00:00:00
56,registration,,success,2023-01-12 00:00:00
57,registration,,success,2023-01-12 00:00:00
58,registration,,success,2023-01-12 00:00:00
59,registration,,success,2023-01-12 00:00:00
60,registration,,success,2023-01-12 00:00:00
4,first_visit,,success,2023-01-12 00:00:00
59,first_visit,,success,2023-01-12 00:00:00
60,first_visit,,success,2023-01-12 00:00:00
25,first_visit,,success,2023-01-12 00:00:00
59,first_visit,,success,2023-01-12 00:00:00
,registration,,success,2023-01-12 00:00:00
,registration,,success,2023-01-12 00:00:00
,registration,,success,2023-01-12 00:00:00
,registration,,success,2023-01-12 00:00:00
,registration,,success,2023-01-12 00:00:00
40,login,,success,2023-01-12 00:00:00
8,login,,success,2023-01-12 00:00:00
43,login,,success,2023-01-12 00:00:00
55,login,,success,2023-01-12 00:00:00
17,login,,success,2023-01-12 00:00:00
9,logout,,success,2023-01-12 00:00:00
18,logout,,success,2023-01-12 00:00:00
52,logout,,success,2023-01-12 00:00:00
21,logout,,success,2023-01-12 00:00:00
23,logout,,success,2023-01-12 00:00:00
6,create_topic,2984,success,2023-01-12 00:00:00
,create_topic,5385,error,2023-01-12 00:00:00
50,create_topic,7344,success,2023-01-12 00:00:00
,create_topic,2713,error,2023-01-12 00:00:00
,create_topic,8832,error,2023-01-12 00:00:00
,create_topic,8201,error,2023-01-12 00:00:00
15,create_topic,2535,success,2023-01-12 00:00:00
8,view_topic,,success,2023-01-12 00:00:00
28,view_topic,,success,2023-01-12 00:00:00
16,view_topic,,success,2023-01-12 00:00:00
37,view_topic,,success,2023-01-12 00:00:00
8,view_topic,,success,2023-01-12 00:00:00
6,delete_topic,,success,2023-01-12 00:00:00
7,delete_topic,,success,2023-01-12 00:00:00
5,delete_topic,,success,2023-01-12 00:00:00
53,delete_topic,,success,2023-01-12 00:00:00
7,delete_topic,,success,2023-01-12 00:00:00
53,create_message,6240,success,2023-01-12 00:00:00
28,create_message,2536,success,2023-01-12 00:00:00
25,create_message,5515,success,2023-01-12 00:00:00
55,create_message,2032,success,2023-01-12 00:00:00
35,create_message,3362,success,2023-01-12 00:00:00
61,registration,,success,2023-01-13 00:00:00
62,registration,,success,2023-01-13 00:00:00
63,registration,,success,2023-01-13 00:00:00
64,registration,,success,2023-01-13 00:00:00
65,registration,,success,2023-01-13 00:00:00
47,first_visit,,success,2023-01-13 00:00:00
28,first_visit,,success,2023-01-13 00:00:00
55,first_visit,,success,2023-01-13 00:00:00
22,first_visit,,success,2023-01-13 00:00:00
4,first_visit,,success,2023-01-13 00:00:00
,registration,,success,2023-01-13 00:00:00
,registration,,success,2023-01-13 00:00:00
,registration,,success,2023-01-13 00:00:00
,registration,,success,2023-01-13 00:00:00
,registration,,success,2023-01-13 00:00:00
36,login,,success,2023-01-13 00:00:00
9,login,,success,2023-01-13 00:00:00
48,login,,success,2023-01-13 00:00:00
65,login,,success,2023-01-13 00:00:00
43,login,,success,2023-01-13 00:00:00
38,logout,,success,2023-01-13 00:00:00
19,logout,,success,2023-01-13 00:00:00
15,logout,,success,2023-01-13 00:00:00
16,logout,,success,2023-01-13 00:00:00
20,logout,,success,2023-01-13 00:00:00
33,create_topic,6664,success,2023-01-13 00:00:00
50,create_topic,6552,success,2023-01-13 00:00:00
,create_topic,4075,error,2023-01-13 00:00:00
,create_topic,8369,error,2023-01-13 00:00:00
18,create_topic,9986,success,2023-01-13 00:00:00
,create_topic,2530,error,2023-01-13 00:00:00
20,create_topic,9819,success,2023-01-13 00:00:00
11,view_topic,,success,2023-01-13 00:00:00
10,view_topic,,success,2023-01-13 00:00:00
44,view_topic,,success,2023-01-13 00:00:00
13,view_topic,,success,2023-01-13 00:00:00
21,view_topic,,success,2023-01-13 00:00:00
52,delete_topic,,success,2023-01-13 00:00:00
54,delete_topic,,success,2023-01-13 00:00:00
19,delete_topic,,success,2023-01-13 00:00:00
32,delete_topic,,success,2023-01-13 00:00:00
65,delete_topic,,success,2023-01-13 00:00:00
23,create_message,2423,success,2023-01-13 00:00:00
16,create_message,2007,success,2023-01-13 00:00:00
15,create_message,4600,success,2023-01-13 00:00:00
14,create_message,5948,success,2023-01-13 00:00:00
13,create_message,1114,success,2023-01-13 00:00:00
66,registration,,success,2023-01-14 00:00:00
67,registration,,success,2023-01-14 00:00:00
68,registration,,success,2023-01-14 00:00:00
69,registration,,success,2023-01-14 00:00:00
70,registration,,success,2023-01-14 00:00:00
48,first_visit,,success,2023-01-14 00:00:00
48,first_visit,,success,2023-01-14 00:00:00
9,first_visit,,success,2023-01-14 00:00:00
15,first_visit,,success,2023-01-14 00:00:00
65,first_visit,,success,2023-01-14 00:00:00
,registration,,success,2023-01-14 00:00:00
,registration,,success,2023-01-14 00:00:00
,registration,,success,2023-01-14 00:00:00
,registration,,success,2023-01-14 00:00:00
,registration,,success,2023-01-14 00:00:00
69,login,,success,2023-01-14 00:00:00
26,login,,success,2023-01-14 00:00:00
44,login,,success,2023-01-14 00:00:00
2,login,,success,2023-01-14 00:00:00
31,login,,success,2023-01-14 00:00:00
61,logout,,success,2023-01-14 00:00:00
50,logout,,success,2023-01-14 00:00:00
68,logout,,success,2023-01-14 00:00:00
23,logout,,success,2023-01-14 00:00:00
66,logout,,success,2023-01-14 00:00:00
6,create_topic,9724,success,2023-01-14 00:00:00
,create_topic,3391,error,2023-01-14 00:00:00
24,create_topic,7961,success,2023-01-14 00:00:00
63,create_topic,7874,success,2023-01-14 00:00:00
52,create_topic,6103,success,2023-01-14 00:00:00
32,create_topic,1316,success,2023-01-14 00:00:00
,create_topic,3976,error,2023-01-14 00:00:00
43,view_topic,,success,2023-01-14 00:00:00
23,view_topic,,success,2023-01-14 00:00:00
12,view_topic,,success,2023-01-14 00:00:00
62,view_topic,,success,2023-01-14 00:00:00
43,view_topic,,success,2023-01-14 00:00:00
18,delete_topic,,success,2023-01-14 00:00:00
59,delete_topic,,success,2023-01-14 00:00:00
20,delete_topic,,success,2023-01-14 00:00:00
11,delete_topic,,success,2023-01-14 00:00:00
13,delete_topic,,success,2023-01-14 00:00:00
62,create_message,6785,success,2023-01-14 00:00:00
67,create_message,2121,success,2023-01-14 00:00:00
49,create_message,4036,success,2023-01-14 00:00:00
68,create_message,3697,success,2023-01-14 00:00:00
57,create_message,3095,success,2023-01-14 00:00:00
71,registration,,success,2023-01-15 00:00:00
72,registration,,success,2023-01-15 00:00:00
73,registration,,success,2023-01-15 00:00:00
74,registration,,success,2023-01-15 00:00:00
75,registration,,success,2023-01-15 00:00:00
56,first_visit,,success,2023-01-15 00:00:00
33,first_visit,,success,2023-01-15 00:00:00
57,first_visit,,success,2023-01-15 00:00:00
56,first_visit,,success,2023-01-15 00:00:00
15,first_visit,,success,2023-01-15 00:00:00
,registration,,success,2023-01-15 00:00:00
,registration,,success,2023-01-15 00:00:00
,registration,,success,2023-01-15 00:00:00
,registration,,success,2023-01-15 00:00:00
,registration,,success,2023-01-15 00:00:00
10,login,,success,2023-01-15 00:00:00
30,login,,success,2023-01-15 00:00:00
73,login,,success,2023-01-15 00:00:00
41,login,,success,2023-01-15 00:00:00
50,login,,success,2023-01-15 00:00:00
44,logout,,success,2023-01-15 00:00:00
6,logout,,success,2023-01-15 00:00:00
60,logout,,success,2023-01-15 00:00:00
10,logout,,success,2023-01-15 00:00:00
47,logout,,success,2023-01-15 00:00:00
43,create_topic,9762,success,2023-01-15 00:00:00
,create_topic,9520,error,2023-01-15 00:00:00
14,create_topic,2025,success,2023-01-15 00:00:00
64,create_topic,6915,success,2023-01-15 00:00:00
59,create_topic,9681,success,2023-01-15 00:00:00
72,create_topic,8414,success,2023-01-15 00:00:00
,create_topic,5793,error,2023-01-15 00:00:00
75,view_topic,,success,2023-01-15 00:00:00
38,view_topic,,success,2023-01-15 00:00:00
46,view_topic,,success,2023-01-15 00:00:00
31,view_topic,,success,2023-01-15 00:00:00
32,view_topic,,success,2023-01-15 00:00:00
40,delete_topic,,success,2023-01-15 00:00:00
57,delete_topic,,success,2023-01-15 00:00:00
63,delete_topic,,success,2023-01-15 00:00:00
1,delete_topic,,success,2023-01-15 00:00:00
52,delete_topic,,success,2023-01-15 00:00:00
32,create_message,9658,success,2023-01-15 00:00:00
63,create_message,2179,success,2023-01-15 00:00:00
36,create_message,4621,success,2023-01-15 00:00:00
2,create_message,9051,success,2023-01-15 00:00:00
26,create_message,6999,success,2023-01-15 00:00:00
76,registration,,success,2023-01-16 00:00:00
77,registration,,success,2023-01-16 00:00:00
78,registration,,success,2023-01-16 00:00:00
79,registration,,success,2023-01-16 00:00:00
80,registration,,success,2023-01-16 00:00:00
10,first_visit,,success,2023-01-16 00:00:00
40,first_visit,,success,2023-01-16 00:00:00
60,first_visit,,success,2023-01-16 00:00:00
17,first_visit,,success,2023-01-16 00:00:00
40,first_visit,,success,2023-01-16 00:00:00
,registration,,success,2023-01-16 00:00:00
,registration,,success,2023-01-16 00:00:00
,registration,,success,2023-01-16 00:00:00
,registration,,success,2023-01-16 00:00:00
,registration,,success,2023-01-16 00:00:00
36,login,,success,2023-01-16 00:00:00
18,login,,success,2023-01-16 00:00:00
68,login,,success,2023-01-16 00:00:00
10,login,,success,2023-01-16 00:00:00
58,login,,success,2023-01-16 00:00:00
1,logout,,success,2023-01-16 00:00:00
48,logout,,success,2023-01-16 00:00:00
34,logout,,success,2023-01-16 00:00:00
9,logout,,success,2023-01-16 00:00:00
61,logout,,success,2023-01-16 00:00:00
,create_topic,3802,error,2023-01-16 00:00:00
23,create_topic,9885,success,2023-01-16 00:00:00
,create_topic,4737,error,2023-01-16 00:00:00
,create_topic,5318,error,2023-01-16 00:00:00
,create_topic,8257,error,2023-01-16 00:00:00
,create_topic,3794,error,2023-01-16 00:00:00
,create_topic,5125,error,2023-01-16 00:00:00
8,view_topic,,success,2023-01-16 00:00:00
69,view_topic,,success,2023-01-16 00:00:00
5,view_topic,,success,2023-01-16 00:00:00
29,view_topic,,success,2023-01-16 00:00:00
38,view_topic,,success,2023-01-16 00:00:00
75,delete_topic,,success,2023-01-16 00:00:00
33,delete_topic,,success,2023-01-16 00:00:00
54,delete_topic,,success,2023-01-16 00:00:00
18,delete_topic,,success,2023-01-16 00:00:00
73,delete_topic,,success,2023-01-16 00:00:00
20,create_message,9423,success,2023-01-16 00:00:00
8,create_message,2394,success,2023-01-16 00:00:00
77,create_message,4773,success,2023-01-16 00:00:00
76,create_message,3929,success,2023-01-16 00:00:00
16,create_message,1845,success,2023-01-16 00:00:00
81,registration,,success,2023-01-17 00:00:00
82,registration,,success,2023-01-17 00:00:00
83,registration,,success,2023-01-17 00:00:00
84,registration,,success,2023-01-17 00:00:00
85,registration,,success,2023-01-17 00:00:00
30,first_visit,,success,2023-01-17 00:00:00
3,first_visit,,success,2023-01-17 00:00:00
26,first_visit,,success,2023-01-17 00:00:00
68,first_visit,,success,2023-01-17 00:00:00
73,first_visit,,success,2023-01-17 00:00:00
,registration,,success,2023-01-17 00:00:00
,registration,,success,2023-01-17 00:00:00
,registration,,success,2023-01-17 00:00:00
,registration,,success,2023-01-17 00:00:00
,registration,,success,2023-01-17 00:00:00
76,login,,success,2023-01-17 00:00:00
23,login,,success,2023-01-17 00:00:00
37,login,,success,2023-01-17 00:00:00
33,login,,success,2023-01-17 00:00:00
15,login,,success,2023-01-17 00:00:00
21,logout,,success,2023-01-17 00:00:00
84,logout,,success,2023-01-17 00:00:00
36,logout,,success,2023-01-17 00:00:00
75,logout,,success,2023-01-17 00:00:00
17,logout,,success,2023-01-17 00:00:00
,create_topic,9539,error,2023-01-17 00:00:00
,create_topic,2502,error,2023-01-17 00:00:00
,create_topic,8746,error,2023-01-17 00:00:00
,create_topic,7624,error,2023-01-17 00:00:00
,create_topic,3401,error,2023-01-17 00:00:00
,create_topic,2122,error,2023-01-17 00:00:00
,create_topic,6057,error,2023-01-17 00:00:00
35,view_topic,,success,2023-01-17 00:00:00
72,view_topic,,success,2023-01-17 00:00:00
49,view_topic,,success,2023-01-17 00:00:00
68,view_topic,,success,2023-01-17 00:00:00
42,view_topic,,success,2023-01-17 00:00:00
5,delete_topic,,success,2023-01-17 00:00:00
81,delete_topic,,success,2023-01-17 00:00:00
39,delete_topic,,success,2023-01-17 00:00:00
61,delete_topic,,success,2023-01-17 00:00:00
61,delete_topic,,success,2023-01-17 00:00:00
7,create_message,2604,success,2023-01-17 00:00:00
54,create_message,7559,success,2023-01-17 00:00:00
66,create_message,2264,success,2023-01-17 00:00:00
44,create_message,5880,success,2023-01-17 00:00:00
49,create_message,7290,success,2023-01-17 00:00:00
86,registration,,success,2023-01-18 00:00:00
87,registration,,success,2023-01-18 00:00:00
88,registration,,success,2023-01-18 00:00:00
89,registration,,success,2023-01-18 00:00:00
90,registration,,success,2023-01-18 00:00:00
72,first_visit,,success,2023-01-18 00:00:00
31,first_visit,,success,2023-01-18 00:00:00
70,first_visit,,success,2023-01-18 00:00:00
67,first_visit,,success,2023-01-18 00:00:00
60,first_visit,,success,2023-01-18 00:00:00
,registration,,success,2023-01-18 00:00:00
,registration,,success,2023-01-18 00:00:00
,registration,,success,2023-01-18 00:00:00
,registration,,success,2023-01-18 00:00:00
,registration,,success,2023-01-18 00:00:00
81,login,,success,2023-01-18 00:00:00
74,login,,success,2023-01-18 00:00:00
55,login,,success,2023-01-18 00:00:00
31,login,,success,2023-01-18 00:00:00
32,login,,success,2023-01-18 00:00:00
90,logout,,success,2023-01-18 00:00:00
25,logout,,success,2023-01-18 00:00:00
52,logout,,success,2023-01-18 00:00:00
88,logout,,success,2023-01-18 00:00:00
78,logout,,success,2023-01-18 00:00:00
,create_topic,1810,error,2023-01-18 00:00:00
,create_topic,2131,error,2023-01-18 00:00:00
2,create_topic,8702,success,2023-01-18 00:00:00
,create_topic,3838,error,2023-01-18 00:00:00
45,create_topic,6915,success,2023-01-18 00:00:00
37,create_topic,4816,success,2023-01-18 00:00:00
49,create_topic,5658,success,2023-01-18 00:00:00
41,view_topic,,success,2023-01-18 00:00:00
41,view_topic,,success,2023-01-18 00:00:00
24,view_topic,,success,2023-01-18 00:00:00
51,view_topic,,success,2023-01-18 00:00:00
41,view_topic,,success,2023-01-18 00:00:00
69,delete_topic,,success,2023-01-18 00:00:00
13,delete_topic,,success,2023-01-18 00:00:00
67,delete_topic,,success,2023-01-18 00:00:00
43,delete_topic,,success,2023-01-18 00:00:00
68,delete_topic,,success,2023-01-18 00:00:00
53,create_message,1206,success,2023-01-18 00:00:00
88,create_message,1081,success,2023-01-18 00:00:00
71,create_message,9280,success,2023-01-18 00:00:00
57,create_message,5681,success,2023-01-18 00:00:00
88,create_message,5631,success,2023-01-18 00:00:00
91,registration,,success,2023-01-19 00:00:00
92,registration,,success,2023-01-19 00:00:00
93,registration,,success,2023-01-19 00:00:00
94,registration,,success,2023-01-19 00:00:00
95,registration,,success,2023-01-19 00:00:00
42,first_visit,,success,2023-01-19 00:00:00
49,first_visit,,success,2023-01-19 00:00:00
49,first_visit,,success,2023-01-19 00:00:00
42,first_visit,,success,2023-01-19 00:00:00
38,first_visit,,success,2023-01-19 00:00:00
,registration,,success,2023-01-19 00:00:00
,registration,,success,2023-01-19 00:00:00
,registration,,success,2023-01-19 00:00:00
,registration,,success,2023-01-19 00:00:00
,registration,,success,2023-01-19 00:00:00
32,login,,success,2023-01-19 00:00:00
12,login,,success,2023-01-19 00:00:00
36,login,,success,2023-01-19 00:00:00
46,login,,success,2023-01-19 00:00:00
43,login,,success,2023-01-19 00:00:00
36,logout,,success,2023-01-19 00:00:00
18,logout,,success,2023-01-19 00:00:00
34,logout,,success,2023-01-19 00:00:00
87,logout,,success,2023-01-19 00:00:00
82,logout,,success,2023-01-19 00:00:00
,create_topic,4568,error,2023-01-19 00:00:00
18,create_topic,3948,success,2023-01-19 00:00:00
36,create_topic,9915,success,2023-01-19 00:00:00
79,create_topic,8755,success,2023-01-19 00:00:00
,create_topic,9107,error,2023-01-19 00:00:00
5,create_topic,8139,success,2023-01-19 00:00:00
,create_topic,8699,error,2023-01-19 00:00:00
16,view_topic,,success,2023-01-19 00:00:00
49,view_topic,,success,2023-01-19 00:00:00
83,view_topic,,success,2023-01-19 00:00:00
16,view_topic,,success,2023-01-19 00:00:00
27,view_topic,,success,2023-01-19 00:00:00
12,delete_topic,,success,2023-01-19 00:00:00
51,delete_topic,,success,2023-01-19 00:00:00
29,delete_topic,,success,2023-01-19 00:00:00
35,delete_topic,,success,2023-01-19 00:00:00
95,delete_topic,,success,2023-01-19 00:00:00
70,create_message,7749,success,2023-01-19 00:00:00
25,create_message,3949,success,2023-01-19 00:00:00
72,create_message,2048,success,2023-01-19 00:00:00
23,create_message,5504,success,2023-01-19 00:00:00
47,create_message,4140,success,2023-01-19 00:00:00
96,registration,,success,2023-01-20 00:00:00
97,registration,,success,2023-01-20 00:00:00
98,registration,,success,2023-01-20 00:00:00
99,registration,,success,2023-01-20 00:00:00
100,registration,,success,2023-01-20 00:00:00
59,first_visit,,success,2023-01-20 00:00:00
1,first_visit,,success,2023-01-20 00:00:00
47,first_visit,,success,2023-01-20 00:00:00
35,first_visit,,success,2023-01-20 00:00:00
44,first_visit,,success,2023-01-20 00:00:00
,registration,,success,2023-01-20 00:00:00
,registration,,success,2023-01-20 00:00:00
,registration,,success,2023-01-20 00:00:00
,registration,,success,2023-01-20 00:00:00
,registration,,success,2023-01-20 00:00:00
15,login,,success,2023-01-20 00:00:00
62,login,,success,2023-01-20 00:00:00
81,login,,success,2023-01-20 00:00:00
14,login,,success,2023-01-20 00:00:00
50,login,,success,2023-01-20 00:00:00
82,logout,,success,2023-01-20 00:00:00
25,logout,,success,2023-01-20 00:00:00
45,logout,,success,2023-01-20 00:00:00
40,logout,,success,2023-01-20 00:00:00
16,logout,,success,2023-01-20 00:00:00
,create_topic,2057,error,2023-01-20 00:00:00
73,create_topic,3137,success,2023-01-20 00:00:00
6,create_topic,4517,success,2023-01-20 00:00:00
,create_topic,8736,error,2023-01-20 00:00:00
33,create_topic,5076,success,2023-01-20 00:00:00
100,create_topic,3007,success,2023-01-20 00:00:00
,create_topic,9011,error,2023-01-20 00:00:00
70,view_topic,,success,2023-01-20 00:00:00
50,view_topic,,success,2023-01-20 00:00:00
55,view_topic,,success,2023-01-20 00:00:00
31,view_topic,,success,2023-01-20 00:00:00
12,view_topic,,success,2023-01-20 00:00:00
4,delete_topic,,success,2023-01-20 00:00:00
17,delete_topic,,success,2023-01-20 00:00:00
68,delete_topic,,success,2023-01-20 00:00:00
10,delete_topic,,success,2023-01-20 00:00:00
37,delete_topic,,success,2023-01-20 00:00:00
17,create_message,3546,success,2023-01-20 00:00:00
25,create_message,8496,success,2023-01-20 00:00:00
4,create_message,9453,success,2023-01-20 00:00:00
78,create_message,1283,success,2023-01-20 00:00:00
60,create_message,3501,success,2023-01-20 00:00:00
101,registration,,success,2023-01-21 00:00:00
102,registration,,success,2023-01-21 00:00:00
103,registration,,success,2023-01-21 00:00:00
104,registration,,success,2023-01-21 00:00:00
105,registration,,success,2023-01-21 00:00:00
85,first_visit,,success,2023-01-21 00:00:00
101,first_visit,,success,2023-01-21 00:00:00
12,first_visit,,success,2023-01-21 00:00:00
51,first_visit,,success,2023-01-21 00:00:00
65,first_visit,,success,2023-01-21 00:00:00
,registration,,success,2023-01-21 00:00:00
,registration,,success,2023-01-21 00:00:00
,registration,,success,2023-01-21 00:00:00
,registration,,success,2023-01-21 00:00:00
,registration,,success,2023-01-21 00:00:00
51,login,,success,2023-01-21 00:00:00
50,login,,success,2023-01-21 00:00:00
69,login,,success,2023-01-21 00:00:00
14,login,,success,2023-01-21 00:00:00
49,login,,success,2023-01-21 00:00:00
73,logout,,success,2023-01-21 00:00:00
5,logout,,success,2023-01-21 00:00:00
47,logout,,success,2023-01-21 00:00:00
54,logout,,success,2023-01-21 00:00:00
13,logout,,success,2023-01-21 00:00:00
102,create_topic,3245,success,2023-01-21 00:00:00
82,create_topic,7001,success,2023-01-21 00:00:00
57,create_topic,9136,success,2023-01-21 00:00:00
,create_topic,7885,error,2023-01-21 00:00:00
39,create_topic,4897,success,2023-01-21 00:00:00
,create_topic,6036,error,2023-01-21 00:00:00
,create_topic,8539,error,2023-01-21 00:00:00
96,view_topic,,success,2023-01-21 00:00:00
98,view_topic,,success,2023-01-21 00:00:00
11,view_topic,,success,2023-01-21 00:00:00
89,view_topic,,success,2023-01-21 00:00:00
94,view_topic,,success,2023-01-21 00:00:00
9,delete_topic,,success,2023-01-21 00:00:00
35,delete_topic,,success,2023-01-21 00:00:00
75,delete_topic,,success,2023-01-21 00:00:00
80,delete_topic,,success,2023-01-21 00:00:00
19,delete_topic,,success,2023-01-21 00:00:00
12,create_message,4873,success,2023-01-21 00:00:00
43,create_message,9970,success,2023-01-21 00:00:00
66,create_message,8913,success,2023-01-21 00:00:00
31,create_message,6582,success,2023-01-21 00:00:00
71,create_message,7860,success,2023-01-21 00:00:00
106,registration,,success,2023-01-22 00:00:00
107,registration,,success,2023-01-22 00:00:00
108,registration,,success,2023-01-22 00:00:00
109,registration,,success,2023-01-22 00:00:00
110,registration,,success,2023-01-22 00:00:00
73,first_visit,,success,2023-01-22 00:00:00
33,first_visit,,success,2023-01-22 00:00:00
9,first_visit,,success,2023-01-22 00:00:00
59,first_visit,,success,2023-01-22 00:00:00
54,first_visit,,success,2023-01-22 00:00:00
,registration,,success,2023-01-22 00:00:00
,registration,,success,2023-01-22 00:00:00
,registration,,success,2023-01-22 00:00:00
,registration,,success,2023-01-22 00:00:00
,registration,,success,2023-01-22 00:00:00
100,login,,success,2023-01-22 00:00:00
59,login,,success,2023-01-22 00:00:00
47,login,,success,2023-01-22 00:00:00
64,login,,success,2023-01-22 00:00:00
107,login,,success,2023-01-22 00:00:00
51,logout,,success,2023-01-22 00:00:00
58,logout,,success,2023-01-22 00:00:00
15,logout,,success,2023-01-22 00:00:00
33,logout,,success,2023-01-22 00:00:00
95,logout,,success,2023-01-22 00:00:00
77,create_topic,8682,success,2023-01-22 00:00:00
,create_topic,8452,error,2023-01-22 00:00:00
107,create_topic,3138,success,2023-01-22 00:00:00
105,create_topic,9311,success,2023-01-22 00:00:00
,create_topic,3787,error,2023-01-22 00:00:00
,create_topic,4482,error,2023-01-22 00:00:00
,create_topic,1428,error,2023-01-22 00:00:00
60,view_topic,,success,2023-01-22 00:00:00
84,view_topic,,success,2023-01-22 00:00:00
72,view_topic,,success,2023-01-22 00:00:00
90,view_topic,,success,2023-01-22 00:00:00
66,view_topic,,success,2023-01-22 00:00:00
65,delete_topic,,success,2023-01-22 00:00:00
76,delete_topic,,success,2023-01-22 00:00:00
1,delete_topic,,success,2023-01-22 00:00:00
14,delete_topic,,success,2023-01-22 00:00:00
46,delete_topic,,success,2023-01-22 00:00:00
9,create_message,4235,success,2023-01-22 00:00:00
78,create_message,8256,success,2023-01-22 00:00:00
14,create_message,7334,success,2023-01-22 00:00:00
21,create_message,2421,success,2023-01-22 00:00:00
105,create_message,5759,success,2023-01-22 00:00:00
111,registration,,success,2023-01-23 00:00:00
112,registration,,success,2023-01-23 00:00:00
113,registration,,success,2023-01-23 00:00:00
114,registration,,success,2023-01-23 00:00:00
115,registration,,success,2023-01-23 00:00:00
63,first_visit,,success,2023-01-23 00:00:00
54,first_visit,,success,2023-01-23 00:00:00
58,first_visit,,success,2023-01-23 00:00:00
48,first_visit,,success,2023-01-23 00:00:00
59,first_visit,,success,2023-01-23 00:00:00
,registration,,success,2023-01-23 00:00:00
,registration,,success,2023-01-23 00:00:00
,registration,,success,2023-01-23 00:00:00
,registration,,success,2023-01-23 00:00:00
,registration,,success,2023-01-23 00:00:00
76,login,,success,2023-01-23 00:00:00
69,login,,success,2023-01-23 00:00:00
79,login,,success,2023-01-23 00:00:00
19,login,,success,2023-01-23 00:00:00
65,login,,success,2023-01-23 00:00:00
27,logout,,success,2023-01-23 00:00:00
83,logout,,success,2023-01-23 00:00:00
65,logout,,success,2023-01-23 00:00:00
92,logout,,success,2023-01-23 00:00:00
24,logout,,success,2023-01-23 00:00:00
104,create_topic,7380,success,2023-01-23 00:00:00
,create_topic,2384,error,2023-01-23 00:00:00
,create_topic,9192,error,2023-01-23 00:00:00
9,create_topic,1929,success,2023-01-23 00:00:00
,create_topic,8321,error,2023-01-23 00:00:00
111,create_topic,3835,success,2023-01-23 00:00:00
,create_topic,6176,error,2023-01-23 00:00:00
91,view_topic,,success,2023-01-23 00:00:00
108,view_topic,,success,2023-01-23 00:00:00
43,view_topic,,success,2023-01-23 00:00:00
24,view_topic,,success,2023-01-23 00:00:00
99,view_topic,,success,2023-01-23 00:00:00
77,delete_topic,,success,2023-01-23 00:00:00
63,delete_topic,,success,2023-01-23 00:00:00
15,delete_topic,,success,2023-01-23 00:00:00
11,delete_topic,,success,2023-01-23 00:00:00
111,delete_topic,,success,2023-01-23 00:00:00
85,create_message,4294,success,2023-01-23 00:00:00
11,create_message,5181,success,2023-01-23 00:00:00
72,create_message,1740,success,2023-01-23 00:00:00
11,create_message,1872,success,2023-01-23 00:00:00
67,create_message,3380,success,2023-01-23 00:00:00
116,registration,,success,2023-01-24 00:00:00
117,registration,,success,2023-01-24 00:00:00
118,registration,,success,2023-01-24 00:00:00
119,registration,,success,2023-01-24 00:00:00
120,registration,,success,2023-01-24 00:00:00
73,first_visit,,success,2023-01-24 00:00:00
93,first_visit,,success,2023-01-24 00:00:00
60,first_visit,,success,2023-01-24 00:00:00
3,first_visit,,success,2023-01-24 00:00:00
34,first_visit,,success,2023-01-24 00:00:00
,registration,,success,2023-01-24 00:00:00
,registration,,success,2023-01-24 00:00:00
,registration,,success,2023-01-24 00:00:00
,registration,,success,2023-01-24 00:00:00
,registration,,success,2023-01-24 00:00:00
106,login,,success,2023-01-24 00:00:00
96,login,,success,2023-01-24 00:00:00
50,login,,success,2023-01-24 00:00:00
63,login,,success,2023-01-24 00:00:00
53,login,,success,2023-01-24 00:00:00
69,logout,,success,2023-01-24 00:00:00
73,logout,,success,2023-01-24 00:00:00
82,logout,,success,2023-01-24 00:00:00
73,logout,,success,2023-01-24 00:00:00
32,logout,,success,2023-01-24 00:00:00
,create_topic,9421,error,2023-01-24 00:00:00
61,create_topic,9724,success,2023-01-24 00:00:00
,create_topic,4806,error,2023-01-24 00:00:00
41,create_topic,4416,success,2023-01-24 00:00:00
,create_topic,3646,error,2023-01-24 00:00:00
,create_topic,4447,error,2023-01-24 00:00:00
70,create_topic,1171,success,2023-01-24 00:00:00
103,view_topic,,success,2023-01-24 00:00:00
39,view_topic,,success,2023-01-24 00:00:00
51,view_topic,,success,2023-01-24 00:00:00
111,view_topic,,success,2023-01-24 00:00:00
61,view_topic,,success,2023-01-24 00:00:00
11,delete_topic,,success,2023-01-24 00:00:00
107,delete_topic,,success,2023-01-24 00:00:00
5,delete_topic,,success,2023-01-24 00:00:00
57,delete_topic,,success,2023-01-24 00:00:00
22,delete_topic,,success,2023-01-24 00:00:00
105,create_message,6195,success,2023-01-24 00:00:00
76,create_message,3916,success,2023-01-24 00:00:00
5,create_message,8770,success,2023-01-24 00:00:00
74,create_message,9134,success,2023-01-24 00:00:00
36,create_message,4150,success,2023-01-24 00:00:00
121,registration,,success,2023-01-25 00:00:00
122,registration,,success,2023-01-25 00:00:00
123,registration,,success,2023-01-25 00:00:00
124,registration,,success,2023-01-25 00:00:00
125,registration,,success,2023-01-25 00:00:00
52,first_visit,,success,2023-01-25 00:00:00
19,first_visit,,success,2023-01-25 00:00:00
42,first_visit,,success,2023-01-25 00:00:00
12,first_visit,,success,2023-01-25 00:00:00
40,first_visit,,success,2023-01-25 00:00:00
,registration,,success,2023-01-25 00:00:00
,registration,,success,2023-01-25 00:00:00
,registration,,success,2023-01-25 00:00:00
,registration,,success,2023-01-25 00:00:00
,registration,,success,2023-01-25 00:00:00
88,login,,success,2023-01-25 00:00:00
25,login,,success,2023-01-25 00:00:00
91,login,,success,2023-01-25 00:00:00
2,login,,success,2023-01-25 00:00:00
16,login,,success,2023-01-25 00:00:00
82,logout,,success,2023-01-25 00:00:00
109,logout,,success,2023-01-25 00:00:00
102,logout,,success,2023-01-25 00:00:00
63,logout,,success,2023-01-25 00:00:00
121,logout,,success,2023-01-25 00:00:00
112,create_topic,6698,success,2023-01-25 00:00:00
,create_topic,9110,error,2023-01-25 00:00:00
119,create_topic,4713,success,2023-01-25 00:00:00
47,create_topic,3256,success,2023-01-25 00:00:00
,create_topic,6904,error,2023-01-25 00:00:00
,create_topic,9163,error,2023-01-25 00:00:00
103,create_topic,5098,success,2023-01-25 00:00:00
55,view_topic,,success,2023-01-25 00:00:00
82,view_topic,,success,2023-01-25 00:00:00
74,view_topic,,success,2023-01-25 00:00:00
85,view_topic,,success,2023-01-25 00:00:00
79,view_topic,,success,2023-01-25 00:00:00
56,delete_topic,,success,2023-01-25 00:00:00
105,delete_topic,,success,2023-01-25 00:00:00
5,delete_topic,,success,2023-01-25 00:00:00
45,delete_topic,,success,2023-01-25 00:00:00
117,delete_topic,,success,2023-01-25 00:00:00
94,create_message,4999,success,2023-01-25 00:00:00
38,create_message,7036,success,2023-01-25 00:00:00
11,create_message,3601,success,2023-01-25 00:00:00
113,create_message,1165,success,2023-01-25 00:00:00
50,create_message,1023,success,2023-01-25 00:00:00
126,registration,,success,2023-01-26 00:00:00
127,registration,,success,2023-01-26 00:00:00
128,registration,,success,2023-01-26 00:00:00
129,registration,,success,2023-01-26 00:00:00
130,registration,,success,2023-01-26 00:00:00
70,first_visit,,success,2023-01-26 00:00:00
16,first_visit,,success,2023-01-26 00:00:00
126,first_visit,,success,2023-01-26 00:00:00
103,first_visit,,success,2023-01-26 00:00:00
126,first_visit,,success,2023-01-26 00:00:00
,registration,,success,2023-01-26 00:00:00
,registration,,success,2023-01-26 00:00:00
,registration,,success,2023-01-26 00:00:00
,registration,,success,2023-01-26 00:00:00
,registration,,success,2023-01-26 00:00:00
10,login,,success,2023-01-26 00:00:00
54,login,,success,2023-01-26 00:00:00
52,login,,success,2023-01-26 00:00:00
54,login,,success,2023-01-26 00:00:00
23,login,,success,2023-01-26 00:00:00
12,logout,,success,2023-01-26 00:00:00
129,logout,,success,2023-01-26 00:00:00
69,logout,,success,2023-01-26 00:00:00
8,logout,,success,2023-01-26 00:00:00
87,logout,,success,2023-01-26 00:00:00
15,create_topic,2900,success,2023-01-26 00:00:00
129,create_topic,5218,success,2023-01-26 00:00:00
76,create_topic,7377,success,2023-01-26 00:00:00
98,create_topic,4976,success,2023-01-26 00:00:00
129,create_topic,1720,success,2023-01-26 00:00:00
43,create_topic,4914,success,2023-01-26 00:00:00
,create_topic,3274,error,2023-01-26 00:00:00
43,view_topic,,success,2023-01-26 00:00:00
44,view_topic,,success,2023-01-26 00:00:00
112,view_topic,,success,2023-01-26 00:00:00
24,view_topic,,success,2023-01-26 00:00:00
27,view_topic,,success,2023-01-26 00:00:00
113,delete_topic,,success,2023-01-26 00:00:00
87,delete_topic,,success,2023-01-26 00:00:00
25,delete_topic,,success,2023-01-26 00:00:00
73,delete_topic,,success,2023-01-26 00:00:00
56,delete_topic,,success,2023-01-26 00:00:00
96,create_message,4493,success,2023-01-26 00:00:00
60,create_message,1003,success,2023-01-26 00:00:00
24,create_message,2946,success,2023-01-26 00:00:00
31,create_message,7495,success,2023-01-26 00:00:00
13,create_message,4248,success,2023-01-26 00:00:00
131,registration,,success,2023-01-27 00:00:00
132,registration,,success,2023-01-27 00:00:00
133,registration,,success,2023-01-27 00:00:00
134,registration,,success,2023-01-27 00:00:00
135,registration,,success,2023-01-27 00:00:00
125,first_visit,,success,2023-01-27 00:00:00
9,first_visit,,success,2023-01-27 00:00:00
33,first_visit,,success,2023-01-27 00:00:00
116,first_visit,,success,2023-01-27 00:00:00
80,first_visit,,success,2023-01-27 00:00:00
,registration,,success,2023-01-27 00:00:00
,registration,,success,2023-01-27 00:00:00
,registration,,success,2023-01-27 00:00:00
,registration,,success,2023-01-27 00:00:00
,registration,,success,2023-01-27 00:00:00
56,login,,success,2023-01-27 00:00:00
38,login,,success,2023-01-27 00:00:00
75,login,,success,2023-01-27 00:00:00
32,login,,success,2023-01-27 00:00:00
135,login,,success,2023-01-27 00:00:00
117,logout,,success,2023-01-27 00:00:00
110,logout,,success,2023-01-27 00:00:00
88,logout,,success,2023-01-27 00:00:00
104,logout,,success,2023-01-27 00:00:00
17,logout,,success,2023-01-27 00:00:00
,create_topic,8200,error,2023-01-27 00:00:00
20,create_topic,6268,success,2023-01-27 00:00:00
,create_topic,4813,error,2023-01-27 00:00:00
30,create_topic,1706,success,2023-01-27 00:00:00
69,create_topic,6355,success,2023-01-27 00:00:00
,create_topic,8606,error,2023-01-27 00:00:00
59,create_topic,5912,success,2023-01-27 00:00:00
56,view_topic,,success,2023-01-27 00:00:00
25,view_topic,,success,2023-01-27 00:00:00
61,view_topic,,success,2023-01-27 00:00:00
34,view_topic,,success,2023-01-27 00:00:00
53,view_topic,,success,2023-01-27 00:00:00
120,delete_topic,,success,2023-01-27 00:00:00
110,delete_topic,,success,2023-01-27 00:00:00
133,delete_topic,,success,2023-01-27 00:00:00
80,delete_topic,,success,2023-01-27 00:00:00
5,delete_topic,,success,2023-01-27 00:00:00
67,create_message,5813,success,2023-01-27 00:00:00
48,create_message,4754,success,2023-01-27 00:00:00
39,create_message,3933,success,2023-01-27 00:00:00
99,create_message,4456,success,2023-01-27 00:00:00
35,create_message,6430,success,2023-01-27 00:00:00
136,registration,,success,2023-01-28 00:00:00
137,registration,,success,2023-01-28 00:00:00
138,registration,,success,2023-01-28 00:00:00
139,registration,,success,2023-01-28 00:00:00
140,registration,,success,2023-01-28 00:00:00
37,first_visit,,success,2023-01-28 00:00:00
76,first_visit,,success,2023-01-28 00:00:00
53,first_visit,,success,2023-01-28 00:00:00
138,first_visit,,success,2023-01-28 00:00:00
92,first_visit,,success,2023-01-28 00:00:00
,registration,,success,2023-01-28 00:00:00
,registration,,success,2023-01-28 00:00:00
,registration,,success,2023-01-28 00:00:00
,registration,,success,2023-01-28 00:00:00
,registration,,success,2023-01-28 00:00:00
86,login,,success,2023-01-28 00:00:00
80,login,,success,2023-01-28 00:00:00
29,login,,success,2023-01-28 00:00:00
21,login,,success,2023-01-28 00:00:00
87,login,,success,2023-01-28 00:00:00
26,logout,,success,2023-01-28 00:00:00
76,logout,,success,2023-01-28 00:00:00
30,logout,,success,2023-01-28 00:00:00
116,logout,,success,2023-01-28 00:00:00
20,logout,,success,2023-01-28 00:00:00
,create_topic,8065,error,2023-01-28 00:00:00
,create_topic,2579,error,2023-01-28 00:00:00
117,create_topic,9097,success,2023-01-28 00:00:00
,create_topic,7720,error,2023-01-28 00:00:00
59,create_topic,4146,success,2023-01-28 00:00:00
80,create_topic,1324,success,2023-01-28 00:00:00
91,create_topic,2898,success,2023-01-28 00:00:00
68,view_topic,,success,2023-01-28 00:00:00
136,view_topic,,success,2023-01-28 00:00:00
27,view_topic,,success,2023-01-28 00:00:00
70,view_topic,,success,2023-01-28 00:00:00
106,view_topic,,success,2023-01-28 00:00:00
90,delete_topic,,success,2023-01-28 00:00:00
102,delete_topic,,success,2023-01-28 00:00:00
55,delete_topic,,success,2023-01-28 00:00:00
15,delete_topic,,success,2023-01-28 00:00:00
6,delete_topic,,success,2023-01-28 00:00:00
35,create_message,5690,success,2023-01-28 00:00:00
109,create_message,2191,success,2023-01-28 00:00:00
136,create_message,1669,success,2023-01-28 00:00:00
101,create_message,5979,success,2023-01-28 00:00:00
42,create_message,4250,success,2023-01-28 00:00:00
141,registration,,success,2023-01-29 00:00:00
142,registration,,success,2023-01-29 00:00:00
143,registration,,success,2023-01-29 00:00:00
144,registration,,success,2023-01-29 00:00:00
145,registration,,success,2023-01-29 00:00:00
142,first_visit,,success,2023-01-29 00:00:00
25,first_visit,,success,2023-01-29 00:00:00
66,first_visit,,success,2023-01-29 00:00:00
1,first_visit,,success,2023-01-29 00:00:00
5,first_visit,,success,2023-01-29 00:00:00
,registration,,success,2023-01-29 00:00:00
,registration,,success,2023-01-29 00:00:00
,registration,,success,2023-01-29 00:00:00
,registration,,success,2023-01-29 00:00:00
,registration,,success,2023-01-29 00:00:00
43,login,,success,2023-01-29 00:00:00
67,login,,success,2023-01-29 00:00:00
75,login,,success,2023-01-29 00:00:00
7,login,,success,2023-01-29 00:00:00
65,login,,success,2023-01-29 00:00:00
119,logout,,success,2023-01-29 00:00:00
15,logout,,success,2023-01-29 00:00:00
101,logout,,success,2023-01-29 00:00:00
36,logout,,success,2023-01-29 00:00:00
4,logout,,success,2023-01-29 00:00:00
,create_topic,6384,error,2023-01-29 00:00:00
,create_topic,6441,error,2023-01-29 00:00:00
139,create_topic,1852,success,2023-01-29 00:00:00
80,create_topic,8146,success,2023-01-29 00:00:00
41,create_topic,1416,success,2023-01-29 00:00:00
140,create_topic,9949,success,2023-01-29 00:00:00
33,create_topic,9580,success,2023-01-29 00:00:00
42,view_topic,,success,2023-01-29 00:00:00
68,view_topic,,success,2023-01-29 00:00:00
108,view_topic,,success,2023-01-29 00:00:00
61,view_topic,,success,2023-01-29 00:00:00
114,view_topic,,success,2023-01-29 00:00:00
80,delete_topic,,success,2023-01-29 00:00:00
65,delete_topic,,success,2023-01-29 00:00:00
87,delete_topic,,success,2023-01-29 00:00:00
111,delete_topic,,success,2023-01-29 00:00:00
33,delete_topic,,success,2023-01-29 00:00:00
64,create_message,6945,success,2023-01-29 00:00:00
112,create_message,6054,success,2023-01-29 00:00:00
71,create_message,1450,success,2023-01-29 00:00:00
66,create_message,5648,success,2023-01-29 00:00:00
70,create_message,2733,success,2023-01-29 00:00:00
146,registration,,success,2023-01-30 00:00:00
147,registration,,success,2023-01-30 00:00:00
148,registration,,success,2023-01-30 00:00:00
149,registration,,success,2023-01-30 00:00:00
150,registration,,success,2023-01-30 00:00:00
66,first_visit,,success,2023-01-30 00:00:00
10,first_visit,,success,2023-01-30 00:00:00
78,first_visit,,success,2023-01-30 00:00:00
69,first_visit,,success,2023-01-30 00:00:00
98,first_visit,,success,2023-01-30 00:00:00
,registration,,success,2023-01-30 00:00:00
,registration,,success,2023-01-30 00:00:00
,registration,,success,2023-01-30 00:00:00
,registration,,success,2023-01-30 00:00:00
,registration,,success,2023-01-30 00:00:00
70,login,,success,2023-01-30 00:00:00
111,login,,success,2023-01-30 00:00:00
129,login,,success,2023-01-30 00:00:00
125,login,,success,2023-01-30 00:00:00
101,login,,success,2023-01-30 00:00:00
103,logout,,success,2023-01-30 00:00:00
13,logout,,success,2023-01-30 00:00:00
137,logout,,success,2023-01-30 00:00:00
8,logout,,success,2023-01-30 00:00:00
123,logout,,success,2023-01-30 00:00:00
,create_topic,3663,error,2023-01-30 00:00:00
,create_topic,4279,error,2023-01-30 00:00:00
,create_topic,4497,error,2023-01-30 00:00:00
19,create_topic,8136,success,2023-01-30 00:00:00
47,create_topic,9146,success,2023-01-30 00:00:00
,create_topic,3223,error,2023-01-30 00:00:00
4,create_topic,7523,success,2023-01-30 00:00:00
123,view_topic,,success,2023-01-30 00:00:00
142,view_topic,,success,2023-01-30 00:00:00
51,view_topic,,success,2023-01-30 00:00:00
34,view_topic,,success,2023-01-30 00:00:00
80,view_topic,,success,2023-01-30 00:00:00
19,delete_topic,,success,2023-01-30 00:00:00
54,delete_topic,,success,2023-01-30 00:00:00
13,delete_topic,,success,2023-01-30 00:00:00
75,delete_topic,,success,2023-01-30 00:00:00
126,delete_topic,,success,2023-01-30 00:00:00
30,create_message,8742,success,2023-01-30 00:00:00
68,create_message,7690,success,2023-01-30 00:00:00
142,create_message,4449,success,2023-01-30 00:00:00
13,create_message,6541,success,2023-01-30 00:00:00
89,create_message,8358,success,2023-01-30 00:00:00
151,registration,,success,2023-01-31 00:00:00
152,registration,,success,2023-01-31 00:00:00
153,registration,,success,2023-01-31 00:00:00
154,registration,,success,2023-01-31 00:00:00
155,registration,,success,2023-01-31 00:00:00
52,first_visit,,success,2023-01-31 00:00:00
112,first_visit,,success,2023-01-31 00:00:00
6,first_visit,,success,2023-01-31 00:00:00
11,first_visit,,success,2023-01-31 00:00:00
3,first_visit,,success,2023-01-31 00:00:00
,registration,,success,2023-01-31 00:00:00
,registration,,success,2023-01-31 00:00:00
,registration,,success,2023-01-31 00:00:00
,registration,,success,2023-01-31 00:00:00
,registration,,success,2023-01-31 00:00:00
47,login,,success,2023-01-31 00:00:00
57,login,,success,2023-01-31 00:00:00
61,login,,success,2023-01-31 00:00:00
135,login,,success,2023-01-31 00:00:00
9,login,,success,2023-01-31 00:00:00
152,logout,,success,2023-01-31 00:00:00
41,logout,,success,2023-01-31 00:00:00
81,logout,,success,2023-01-31 00:00:00
138,logout,,success,2023-01-31 00:00:00
11,logout,,success,2023-01-31 00:00:00
140,create_topic,8823,success,2023-01-31 00:00:00
,create_topic,5216,error,2023-01-31 00:00:00
107,create_topic,6154,success,2023-01-31 00:00:00
,create_topic,3806,error,2023-01-31 00:00:00
,create_topic,4040,error,2023-01-31 00:00:00
,create_topic,9753,error,2023-01-31 00:00:00
,create_topic,9440,error,2023-01-31 00:00:00
98,view_topic,,success,2023-01-31 00:00:00
110,view_topic,,success,2023-01-31 00:00:00
77,view_topic,,success,2023-01-31 00:00:00
77,view_topic,,success,2023-01-31 00:00:00
21,view_topic,,success,2023-01-31 00:00:00
21,delete_topic,,success,2023-01-31 00:00:00
30,delete_topic,,success,2023-01-31 00:00:00
13,delete_topic,,success,2023-01-31 00:00:00
96,delete_topic,,success,2023-01-31 00:00:00
57,delete_topic,,success,2023-01-31 00:00:00
101,create_message,7550,success,2023-01-31 00:00:00
122,create_message,5133,success,2023-01-31 00:00:00
66,create_message,5044,success,2023-01-31 00:00:00
76,create_message,1557,success,2023-01-31 00:00:00
35,create_message,9137,success,2023-01-31 00:00:00
