user_id,username,created_at
1,megan80,2023-01-01 00:00:00
2,slarson,2023-01-01 00:00:00
3,martinezrebecca,2023-01-01 00:00:00
4,usullivan,2023-01-01 00:00:00
5,njohnson,2023-01-01 00:00:00
6,monica34,2023-01-02 00:00:00
7,jonathan48,2023-01-02 00:00:00
8,larrydowns,2023-01-02 00:00:00
9,spencerlogan,2023-01-02 00:00:00
10,fcooper,2023-01-02 00:00:00
11,brian38,2023-01-03 00:00:00
12,kennethcurry,2023-01-03 00:00:00
13,kellerdanielle,2023-01-03 00:00:00
14,edwardsteele,2023-01-03 00:00:00
15,dennis77,2023-01-03 00:00:00
16,jennifer14,2023-01-04 00:00:00
17,xhensley,2023-01-04 00:00:00
18,jcox,2023-01-04 00:00:00
19,ramosamanda,2023-01-04 00:00:00
20,carlsmith,2023-01-04 00:00:00
21,hobrien,2023-01-05 00:00:00
22,susan17,2023-01-05 00:00:00
23,barbara72,2023-01-05 00:00:00
24,andrea75,2023-01-05 00:00:00
25,johnsonmelissa,2023-01-05 00:00:00
26,hilljessica,2023-01-06 00:00:00
27,staceystevenson,2023-01-06 00:00:00
28,moodymichael,2023-01-06 00:00:00
29,chelseacastro,2023-01-06 00:00:00
30,matthew14,2023-01-06 00:00:00
31,georgesmith,2023-01-07 00:00:00
32,crystalhawkins,2023-01-07 00:00:00
33,smithkent,2023-01-07 00:00:00
34,qdavis,2023-01-07 00:00:00
35,randallhicks,2023-01-07 00:00:00
36,riggssteven,2023-01-08 00:00:00
37,carolblack,2023-01-08 00:00:00
38,torresjoseph,2023-01-08 00:00:00
39,pwood,2023-01-08 00:00:00
40,adamsmichael,2023-01-08 00:00:00
41,vincentramirez,2023-01-09 00:00:00
42,brian67,2023-01-09 00:00:00
43,wendycarpenter,2023-01-09 00:00:00
44,david41,2023-01-09 00:00:00
45,fadams,2023-01-09 00:00:00
46,marc64,2023-01-10 00:00:00
47,kristinsalazar,2023-01-10 00:00:00
48,xavierstanley,2023-01-10 00:00:00
49,jennifer50,2023-01-10 00:00:00
50,leevictor,2023-01-10 00:00:00
51,james22,2023-01-11 00:00:00
52,tonya08,2023-01-11 00:00:00
53,naustin,2023-01-11 00:00:00
54,qnunez,2023-01-11 00:00:00
55,pmurphy,2023-01-11 00:00:00
56,ianpeterson,2023-01-12 00:00:00
57,brandon55,2023-01-12 00:00:00
58,hannah38,2023-01-12 00:00:00
59,nancymason,2023-01-12 00:00:00
60,randy46,2023-01-12 00:00:00
61,ucooper,2023-01-13 00:00:00
62,jose34,2023-01-13 00:00:00
63,lmiddleton,2023-01-13 00:00:00
64,qrobinson,2023-01-13 00:00:00
65,rking,2023-01-13 00:00:00
66,hmcconnell,2023-01-14 00:00:00
67,hannahmorgan,2023-01-14 00:00:00
68,michael87,2023-01-14 00:00:00
69,lpearson,2023-01-14 00:00:00
70,bryan62,2023-01-14 00:00:00
71,zhall,2023-01-15 00:00:00
72,schmittheather,2023-01-15 00:00:00
73,athompson,2023-01-15 00:00:00
74,yrush,2023-01-15 00:00:00
75,rodriguezalex,2023-01-15 00:00:00
76,isanders,2023-01-16 00:00:00
77,mmooney,2023-01-16 00:00:00
78,randallduane,2023-01-16 00:00:00
79,matthew24,2023-01-16 00:00:00
80,nelsonjohn,2023-01-16 00:00:00
81,zwinters,2023-01-17 00:00:00
82,peterfigueroa,2023-01-17 00:00:00
83,daniel66,2023-01-17 00:00:00
84,wattsjeffrey,2023-01-17 00:00:00
85,tphelps,2023-01-17 00:00:00
86,andrea27,2023-01-18 00:00:00
87,perrycole,2023-01-18 00:00:00
88,cynthia61,2023-01-18 00:00:00
89,fitzpatricksamuel,2023-01-18 00:00:00
90,sharonmerritt,2023-01-18 00:00:00
91,cjones,2023-01-19 00:00:00
92,william67,2023-01-19 00:00:00
93,hhopkins,2023-01-19 00:00:00
94,erandall,2023-01-19 00:00:00
95,diazelizabeth,2023-01-19 00:00:00
96,marymcclain,2023-01-20 00:00:00
97,gutierrezdeborah,2023-01-20 00:00:00
98,jsmith,2023-01-20 00:00:00
99,williamashley,2023-01-20 00:00:00
100,breannaharrison,2023-01-20 00:00:00
101,robertcampbell,2023-01-21 00:00:00
102,huffmandana,2023-01-21 00:00:00
103,elizabethgarrison,2023-01-21 00:00:00
104,william72,2023-01-21 00:00:00
105,jo51,2023-01-21 00:00:00
106,kathleenkelley,2023-01-22 00:00:00
107,zbrown,2023-01-22 00:00:00
108,johngeorge,2023-01-22 00:00:00
109,rpatterson,2023-01-22 00:00:00
110,yschneider,2023-01-22 00:00:00
111,waterssharon,2023-01-23 00:00:00
112,lejaime,2023-01-23 00:00:00
113,ryan80,2023-01-23 00:00:00
114,hudsonpatricia,2023-01-23 00:00:00
115,baileybrian,2023-01-23 00:00:00
116,joseph24,2023-01-24 00:00:00
117,ksanders,2023-01-24 00:00:00
118,thompsonrandy,2023-01-24 00:00:00
119,elizabeth65,2023-01-24 00:00:00
120,wperry,2023-01-24 00:00:00
121,ujones,2023-01-25 00:00:00
122,carrie77,2023-01-25 00:00:00
123,fmcdaniel,2023-01-25 00:00:00
124,kmerritt,2023-01-25 00:00:00
125,ssnyder,2023-01-25 00:00:00
126,brian86,2023-01-26 00:00:00
127,amy20,2023-01-26 00:00:00
128,shermanlee,2023-01-26 00:00:00
129,stanleysteven,2023-01-26 00:00:00
130,ginathomas,2023-01-26 00:00:00
131,daniel14,2023-01-27 00:00:00
132,zdavila,2023-01-27 00:00:00
133,grant47,2023-01-27 00:00:00
134,john60,2023-01-27 00:00:00
135,juliaowens,2023-01-27 00:00:00
136,garrettmorales,2023-01-28 00:00:00
137,meyermeghan,2023-01-28 00:00:00
138,joshua85,2023-01-28 00:00:00
139,handerson,2023-01-28 00:00:00
140,williamskelly,2023-01-28 00:00:00
141,carolpoole,2023-01-29 00:00:00
142,matthew80,2023-01-29 00:00:00
143,tiffany70,2023-01-29 00:00:00
144,cochranlisa,2023-01-29 00:00:00
145,nicholasrobbins,2023-01-29 00:00:00
146,luke06,2023-01-30 00:00:00
147,xhumphrey,2023-01-30 00:00:00
148,bherring,2023-01-30 00:00:00
149,brooke22,2023-01-30 00:00:00
150,vbarr,2023-01-30 00:00:00
151,millerjason,2023-01-31 00:00:00
152,gabrielmorris,2023-01-31 00:00:00
153,ruizrhonda,2023-01-31 00:00:00
154,cassidyrobinson,2023-01-31 00:00:00
155,hwood,2023-01-31 00:00:00
